--PAISES
INSERT INTO ada_pais VALUES(1, 'AF', 'Afganistán','As');
INSERT INTO ada_pais VALUES(2, 'AX', 'Islas Aland','Eu');
INSERT INTO ada_pais VALUES(3, 'AL', 'Albania','Eu');
INSERT INTO ada_pais VALUES(4, 'DE', 'Alemania','Eu');
INSERT INTO ada_pais VALUES(5, 'AD', 'Andorra','Eu');
INSERT INTO ada_pais VALUES(6, 'AO', 'Angola','Af');
INSERT INTO ada_pais VALUES(7, 'AI', 'Anguilla','Amn');
INSERT INTO ada_pais VALUES(8, 'AQ', 'Antártida','Amn');
INSERT INTO ada_pais VALUES(9, 'AG', 'Antigua y Barbuda','Amn');
INSERT INTO ada_pais VALUES(10, 'AN', 'Antillas Holandesas','Ca');
INSERT INTO ada_pais VALUES(11, 'SA', 'Arabia Saudí','As');
INSERT INTO ada_pais VALUES(12, 'DZ', 'Argelia','Af');
INSERT INTO ada_pais VALUES(13, 'AR', 'Argentina','Ams');
INSERT INTO ada_pais VALUES(14, 'AM', 'Armenia','Eu');
INSERT INTO ada_pais VALUES(15, 'AW', 'Aruba','Ams');
INSERT INTO ada_pais VALUES(16, 'AU', 'Australia','Oc');
INSERT INTO ada_pais VALUES(17, 'AT', 'Austria','Eu');
INSERT INTO ada_pais VALUES(18, 'AZ', 'Azerbaiyán','Eu');
INSERT INTO ada_pais VALUES(19, 'BS', 'Bahamas','Amn');
INSERT INTO ada_pais VALUES(20, 'BH', 'Bahréin','As');
INSERT INTO ada_pais VALUES(21, 'BD', 'Bangladesh','As');
INSERT INTO ada_pais VALUES(22, 'BB', 'Barbados','Amn');
INSERT INTO ada_pais VALUES(23, 'BY', 'Bielorrusia','Eu');
INSERT INTO ada_pais VALUES(24, 'BE', 'Bélgica','Eu');
INSERT INTO ada_pais VALUES(25, 'BZ', 'Belice','Ca');
INSERT INTO ada_pais VALUES(26, 'BJ', 'Benin','Af');
INSERT INTO ada_pais VALUES(27, 'BM', 'Bermudas','Amn');
INSERT INTO ada_pais VALUES(28, 'BT', 'Bhután','As');
INSERT INTO ada_pais VALUES(29, 'BO', 'Bolivia','Ams');
INSERT INTO ada_pais VALUES(30, 'BA', 'Bosnia y Herzegovina','Eu');
INSERT INTO ada_pais VALUES(31, 'BW', 'Botsuana','Af');
INSERT INTO ada_pais VALUES(32, 'BV', 'Isla Bouvet','Oc');
INSERT INTO ada_pais VALUES(33, 'BR', 'Brasil','Ams');
INSERT INTO ada_pais VALUES(34, 'BN', 'Brunéi','As');
INSERT INTO ada_pais VALUES(35, 'BG', 'Bulgaria','Eu');
INSERT INTO ada_pais VALUES(36, 'BF', 'Burkina Faso','Af');
INSERT INTO ada_pais VALUES(37, 'BI', 'Burundi','Af');
INSERT INTO ada_pais VALUES(38, 'CV', 'Cabo Verde','Af');
INSERT INTO ada_pais VALUES(39, 'KY', 'Islas Caimán','Amn');
INSERT INTO ada_pais VALUES(40, 'KH', 'Camboya','As');
INSERT INTO ada_pais VALUES(41, 'CM', 'Camerún','Af');
INSERT INTO ada_pais VALUES(42, 'CA', 'Canadá','Amn');
INSERT INTO ada_pais VALUES(43, 'CF', 'República Centroafricana','Af');
INSERT INTO ada_pais VALUES(44, 'TD', 'Chad','Af');
INSERT INTO ada_pais VALUES(45, 'CZ', 'República Checa','Eu');
INSERT INTO ada_pais VALUES(46, 'CL', 'Chile','Ams');
INSERT INTO ada_pais VALUES(47, 'CN', 'China','As');
INSERT INTO ada_pais VALUES(48, 'CY', 'Chipre','Eu');
INSERT INTO ada_pais VALUES(49, 'CX', 'Isla de Navidad','Oc');
INSERT INTO ada_pais VALUES(50, 'VA', 'Ciudad del Vaticano','Eu');
INSERT INTO ada_pais VALUES(51, 'CC', 'Islas Cocos','As');
INSERT INTO ada_pais VALUES(52, 'CO', 'Colombia','Ams');
INSERT INTO ada_pais VALUES(53, 'KM', 'Comores','Af');
INSERT INTO ada_pais VALUES(54, 'CD', 'República Democrática del Congo','Af');
INSERT INTO ada_pais VALUES(55, 'CG', 'Congo','Af');
INSERT INTO ada_pais VALUES(56, 'CK', 'Islas Cook','Oc');
INSERT INTO ada_pais VALUES(57, 'KP', 'Corea del Norte','As');
INSERT INTO ada_pais VALUES(58, 'KR', 'Corea del Sur','As');
INSERT INTO ada_pais VALUES(59, 'CI', 'Costa de Marfil','Af');
INSERT INTO ada_pais VALUES(60, 'CR', 'Costa Rica','Ca');
INSERT INTO ada_pais VALUES(61, 'HR', 'Croacia','Eu');
INSERT INTO ada_pais VALUES(62, 'CU', 'Cuba','Amn');
INSERT INTO ada_pais VALUES(63, 'DK', 'Dinamarca','Eu');
INSERT INTO ada_pais VALUES(64, 'DM', 'Dominica','Amn');
INSERT INTO ada_pais VALUES(65, 'DO', 'República Dominicana','Amn');
INSERT INTO ada_pais VALUES(66, 'EC', 'Ecuador','Ams');
INSERT INTO ada_pais VALUES(67, 'EG', 'Egipto','Af');
INSERT INTO ada_pais VALUES(68, 'SV', 'El Salvador','Ca');
INSERT INTO ada_pais VALUES(69, 'AE', 'Emiratos Árabes Unidos','As');
INSERT INTO ada_pais VALUES(70, 'ER', 'Eritrea','Af');
INSERT INTO ada_pais VALUES(71, 'SK', 'Eslovaquia','Eu');
INSERT INTO ada_pais VALUES(72, 'SI', 'Eslovenia','Eu');
INSERT INTO ada_pais VALUES(73, 'ES', 'España','Eu');
INSERT INTO ada_pais VALUES(74, 'UM', 'Islas ultramarinas de Estados Unidos','Amn');
INSERT INTO ada_pais VALUES(75, 'US', 'Estados Unidos','Amn');
INSERT INTO ada_pais VALUES(76, 'EE', 'Estonia','Eu');
INSERT INTO ada_pais VALUES(77, 'ET', 'Etiopía','Af');
INSERT INTO ada_pais VALUES(78, 'FO', 'Islas Feroe','Eu');
INSERT INTO ada_pais VALUES(79, 'PH', 'Filipinas','As');
INSERT INTO ada_pais VALUES(80, 'FI', 'Finlandia','Eu');
INSERT INTO ada_pais VALUES(81, 'FJ', 'Fiji','Oc');
INSERT INTO ada_pais VALUES(82, 'FR', 'Francia','Eu');
INSERT INTO ada_pais VALUES(83, 'GA', 'Gabón','Af');
INSERT INTO ada_pais VALUES(84, 'GM', 'Gambia','Af');
INSERT INTO ada_pais VALUES(85, 'GE', 'Georgia','Eu');
INSERT INTO ada_pais VALUES(86, 'GS', 'Islas Georgias del Sur y Sandwich del Sur','Ams');
INSERT INTO ada_pais VALUES(87, 'GH', 'Ghana','Af');
INSERT INTO ada_pais VALUES(88, 'GI', 'Gibraltar','Eu');
INSERT INTO ada_pais VALUES(89, 'GD', 'Granada','Amn');
INSERT INTO ada_pais VALUES(90, 'GR', 'Grecia','Eu');
INSERT INTO ada_pais VALUES(91, 'GL', 'Groenlandia','Amn');
INSERT INTO ada_pais VALUES(92, 'GP', 'Guadalupe','Amn');
INSERT INTO ada_pais VALUES(93, 'GU', 'Guam','Oc');
INSERT INTO ada_pais VALUES(94, 'GT', 'Guatemala','Ca');
INSERT INTO ada_pais VALUES(95, 'GF', 'Guayana Francesa','Ams');
INSERT INTO ada_pais VALUES(96, 'GN', 'Guinea','Af');
INSERT INTO ada_pais VALUES(97, 'GQ', 'Guinea Ecuatorial','Af');
INSERT INTO ada_pais VALUES(98, 'GW', 'Guinea-Bissau','Af');
INSERT INTO ada_pais VALUES(99, 'GY', 'Guyana','Ams');
INSERT INTO ada_pais VALUES(100, 'HT', 'Haití','Amn');
INSERT INTO ada_pais VALUES(101, 'HM', 'Islas Heard y McDonald','Oc');
INSERT INTO ada_pais VALUES(102, 'HN', 'Honduras','Ca');
INSERT INTO ada_pais VALUES(103, 'HK', 'Hong Kong','As');
INSERT INTO ada_pais VALUES(104, 'HU', 'Hungría','Eu');
INSERT INTO ada_pais VALUES(105, 'IN', 'India','As');
INSERT INTO ada_pais VALUES(106, 'ID', 'Indonesia','As');
INSERT INTO ada_pais VALUES(107, 'IR', 'Irán','As');
INSERT INTO ada_pais VALUES(108, 'IQ', 'Iraq','As');
INSERT INTO ada_pais VALUES(109, 'IE', 'Irlanda','Eu');
INSERT INTO ada_pais VALUES(110, 'IS', 'Islandia','Eu');
INSERT INTO ada_pais VALUES(111, 'IL', 'Israel','As');
INSERT INTO ada_pais VALUES(112, 'IT', 'Italia','Eu');
INSERT INTO ada_pais VALUES(113, 'JM', 'Jamaica','Amn');
INSERT INTO ada_pais VALUES(114, 'JP', 'Japón','As');
INSERT INTO ada_pais VALUES(115, 'JO', 'Jordania','As');
INSERT INTO ada_pais VALUES(116, 'KZ', 'Kazajistán','As');
INSERT INTO ada_pais VALUES(117, 'KE', 'Kenia','Af');
INSERT INTO ada_pais VALUES(118, 'KG', 'Kirguistán','As');
INSERT INTO ada_pais VALUES(119, 'KI', 'Kiribati','Oc');
INSERT INTO ada_pais VALUES(120, 'KW', 'Kuwait','As');
INSERT INTO ada_pais VALUES(121, 'LA', 'Laos','As');
INSERT INTO ada_pais VALUES(122, 'LS', 'Lesotho','Af');
INSERT INTO ada_pais VALUES(123, 'LV', 'Letonia','Eu');
INSERT INTO ada_pais VALUES(124, 'LB', 'Líbano','As');
INSERT INTO ada_pais VALUES(125, 'LR', 'Liberia','Af');
INSERT INTO ada_pais VALUES(126, 'LY', 'Libia','Af');
INSERT INTO ada_pais VALUES(127, 'LI', 'Liechtenstein','Eu');
INSERT INTO ada_pais VALUES(128, 'LT', 'Lituania','Eu');
INSERT INTO ada_pais VALUES(129, 'LU', 'Luxemburgo','Eu');
INSERT INTO ada_pais VALUES(130, 'MO', 'Macao','As');
INSERT INTO ada_pais VALUES(131, 'MK', 'ARY Macedonia','Eu');
INSERT INTO ada_pais VALUES(132, 'MG', 'Madagascar','Af');
INSERT INTO ada_pais VALUES(133, 'MY', 'Malasia','As');
INSERT INTO ada_pais VALUES(134, 'MW', 'Malawi','Af');
INSERT INTO ada_pais VALUES(135, 'MV', 'Maldivas','As');
INSERT INTO ada_pais VALUES(136, 'ML', 'Malí','Af');
INSERT INTO ada_pais VALUES(137, 'MT', 'Malta','Eu');
INSERT INTO ada_pais VALUES(138, 'FK', 'Islas Malvinas','Oc');
INSERT INTO ada_pais VALUES(139, 'MP', 'Islas Marianas del Norte','Oc');
INSERT INTO ada_pais VALUES(140, 'MA', 'Marruecos','Af');
INSERT INTO ada_pais VALUES(141, 'MH', 'Islas Marshall','Oc');
INSERT INTO ada_pais VALUES(142, 'MQ', 'Martinica','Amn');
INSERT INTO ada_pais VALUES(143, 'MU', 'Mauricio','Af');
INSERT INTO ada_pais VALUES(144, 'MR', 'Mauritania','Af');
INSERT INTO ada_pais VALUES(145, 'YT', 'Mayotte','Af');
INSERT INTO ada_pais VALUES(146, 'MX', 'México','Ca');
INSERT INTO ada_pais VALUES(147, 'FM', 'Micronesia','Oc');
INSERT INTO ada_pais VALUES(148, 'MD', 'Moldavia','Eu');
INSERT INTO ada_pais VALUES(149, 'MC', 'Mónaco','Eu');
INSERT INTO ada_pais VALUES(150, 'MN', 'Mongolia','As');
INSERT INTO ada_pais VALUES(151, 'MS', 'Montserrat','Eu');
INSERT INTO ada_pais VALUES(152, 'MZ', 'Mozambique','Af');
INSERT INTO ada_pais VALUES(153, 'MM', 'Myanmar','As');
INSERT INTO ada_pais VALUES(154, 'NA', 'Namibia','Af');
INSERT INTO ada_pais VALUES(155, 'NR', 'Nauru','Oc');
INSERT INTO ada_pais VALUES(156, 'NP', 'Nepal','As');
INSERT INTO ada_pais VALUES(157, 'NI', 'Nicaragua','Ca');
INSERT INTO ada_pais VALUES(158, 'NE', 'Níger','Af');
INSERT INTO ada_pais VALUES(159, 'NG', 'Nigeria','Af');
INSERT INTO ada_pais VALUES(160, 'NU', 'Niue','Oc');
INSERT INTO ada_pais VALUES(161, 'NF', 'Isla Norfolk','Oc');
INSERT INTO ada_pais VALUES(162, 'NO', 'Noruega','Eu');
INSERT INTO ada_pais VALUES(163, 'NC', 'Nueva Caledonia','Oc');
INSERT INTO ada_pais VALUES(164, 'NZ', 'Nueva Zelanda','Oc');
INSERT INTO ada_pais VALUES(165, 'OM', 'Omán','As');
INSERT INTO ada_pais VALUES(166, 'NL', 'Países Bajos','Eu');
INSERT INTO ada_pais VALUES(167, 'PK', 'Pakistán','As');
INSERT INTO ada_pais VALUES(168, 'PW', 'Palau','Oc');
INSERT INTO ada_pais VALUES(169, 'PS', 'Palestina','As');
INSERT INTO ada_pais VALUES(170, 'PA', 'Panamá','Ca');
INSERT INTO ada_pais VALUES(171, 'PG', 'Papúa Nueva Guinea','Oc');
INSERT INTO ada_pais VALUES(172, 'PY', 'Paraguay','Ams');
INSERT INTO ada_pais VALUES(173, 'PE', 'Perú','Ams');
INSERT INTO ada_pais VALUES(174, 'PN', 'Islas Pitcairn','Oc');
INSERT INTO ada_pais VALUES(175, 'PF', 'Polinesia Francesa','Oc');
INSERT INTO ada_pais VALUES(176, 'PL', 'Polonia','Eu');
INSERT INTO ada_pais VALUES(177, 'PT', 'Portugal','Eu');
INSERT INTO ada_pais VALUES(178, 'PR', 'Puerto Rico','Amn');
INSERT INTO ada_pais VALUES(179, 'QA', 'Qatar','As');
INSERT INTO ada_pais VALUES(180, 'GB', 'Reino Unido','Eu');
INSERT INTO ada_pais VALUES(181, 'RE', 'Reunión','Af');
INSERT INTO ada_pais VALUES(182, 'RW', 'Ruanda','Af');
INSERT INTO ada_pais VALUES(183, 'RO', 'Rumania','Eu');
INSERT INTO ada_pais VALUES(184, 'RU', 'Rusia','Eu');
INSERT INTO ada_pais VALUES(185, 'EH', 'Sahara Occidental','Af');
INSERT INTO ada_pais VALUES(186, 'SB', 'Islas Salomón','Oc');
INSERT INTO ada_pais VALUES(187, 'WS', 'Samoa','Oc');
INSERT INTO ada_pais VALUES(188, 'AS', 'Samoa Americana','Oc');
INSERT INTO ada_pais VALUES(189, 'KN', 'San Cristóbal y Nieves','Amn');
INSERT INTO ada_pais VALUES(190, 'SM', 'San Marino','Eu');
INSERT INTO ada_pais VALUES(191, 'PM', 'San Pedro y Miquelón','Amn');
INSERT INTO ada_pais VALUES(192, 'VC', 'San Vicente y las Granadinas','Amn');
INSERT INTO ada_pais VALUES(193, 'SH', 'Santa Helena','Af');
INSERT INTO ada_pais VALUES(194, 'LC', 'Santa Lucía','Amn');
INSERT INTO ada_pais VALUES(195, 'ST', 'Santo Tomé y Príncipe','Af');
INSERT INTO ada_pais VALUES(196, 'SN', 'Senegal','Af');
INSERT INTO ada_pais VALUES(197, 'CS', 'Serbia y Montenegro','Eu');
INSERT INTO ada_pais VALUES(198, 'SC', 'Seychelles','Af');
INSERT INTO ada_pais VALUES(199, 'SL', 'Sierra Leona','Af');
INSERT INTO ada_pais VALUES(200, 'SG', 'Singapur','As');
INSERT INTO ada_pais VALUES(201, 'SY', 'Siria','As');
INSERT INTO ada_pais VALUES(202, 'SO', 'Somalia','Af');
INSERT INTO ada_pais VALUES(203, 'LK', 'Sri Lanka','As');
INSERT INTO ada_pais VALUES(204, 'SZ', 'Suazilandia','Af');
INSERT INTO ada_pais VALUES(205, 'ZA', 'Sudáfrica','Af');
INSERT INTO ada_pais VALUES(206, 'SD', 'Sudán','Af');
INSERT INTO ada_pais VALUES(207, 'SE', 'Suecia','Eu');
INSERT INTO ada_pais VALUES(208, 'CH', 'Suiza','Eu');
INSERT INTO ada_pais VALUES(209, 'SR', 'Surinam','Ams');
INSERT INTO ada_pais VALUES(210, 'SJ', 'Svalbard y Jan Mayen','Eu');
INSERT INTO ada_pais VALUES(211, 'TH', 'Tailandia','As');
INSERT INTO ada_pais VALUES(212, 'TW', 'Taiwán','As');
INSERT INTO ada_pais VALUES(213, 'TZ', 'Tanzania','Af');
INSERT INTO ada_pais VALUES(214, 'TJ', 'Tayikistán','As');
INSERT INTO ada_pais VALUES(215, 'IO', 'Territorio Británico del Océano Índico','As');
INSERT INTO ada_pais VALUES(216, 'TF', 'Territorios Australes Franceses','Eu');
INSERT INTO ada_pais VALUES(217, 'TL', 'Timor Oriental','As');
INSERT INTO ada_pais VALUES(218, 'TG', 'Togo','Af');
INSERT INTO ada_pais VALUES(219, 'TK', 'Tokelau','Oc');
INSERT INTO ada_pais VALUES(220, 'TO', 'Tonga','Oc');
INSERT INTO ada_pais VALUES(221, 'TT', 'Trinidad y Tobago','Ams');
INSERT INTO ada_pais VALUES(222, 'TN', 'Túnez','Af');
INSERT INTO ada_pais VALUES(223, 'TC', 'Islas Turcas y Caicos','Amn');
INSERT INTO ada_pais VALUES(224, 'TM', 'Turkmenistán','As');
INSERT INTO ada_pais VALUES(225, 'TR', 'Turquía','Eu');
INSERT INTO ada_pais VALUES(226, 'TV', 'Tuvalu','Oc');
INSERT INTO ada_pais VALUES(227, 'UA', 'Ucrania','Eu');
INSERT INTO ada_pais VALUES(228, 'UG', 'Uganda','Af');
INSERT INTO ada_pais VALUES(229, 'UY', 'Uruguay','Ams');
INSERT INTO ada_pais VALUES(230, 'UZ', 'Uzbekistán','As');
INSERT INTO ada_pais VALUES(231, 'VU', 'Vanuatu','Oc');
INSERT INTO ada_pais VALUES(232, 'VE', 'Venezuela','Ams');
INSERT INTO ada_pais VALUES(233, 'VN', 'Vietnam','As');
INSERT INTO ada_pais VALUES(234, 'VG', 'Islas Vírgenes Británicas','Amn');
INSERT INTO ada_pais VALUES(235, 'VI', 'Islas Vírgenes de los Estados Unidos','Amn');
INSERT INTO ada_pais VALUES(236, 'WF', 'Wallis y Futuna','Oc');
INSERT INTO ada_pais VALUES(237, 'YE', 'Yemen','As');
INSERT INTO ada_pais VALUES(238, 'DJ', 'Yibuti','Af');
INSERT INTO ada_pais VALUES(239, 'ZM', 'Zambia','Af');
INSERT INTO ada_pais VALUES(240, 'ZW', 'Zimbabue','Af');



--Familias Olfativas
INSERT INTO ada_familia_olfativa (nombre_familia)
VALUES('Verde'),('Cítrico'),('Flores'),('Frutas'),('Aromáticos'),('Helechos'),
('Chipe'),('Maderas'),('Orientales'),('Otros');



--Insertar asociaciones
INSERT INTO ada_asoc_nacional(nombre_asoc,region,descripcion) VALUES
(
    'ACHISAF',
    'Al',
    'Asociacion Nacional'
);

INSERT INTO ada_asoc_nacional(nombre_asoc,region,descripcion) VALUES
(
    'Fragance Creators Association',
    'Na',
    'Asociacion Nacional'
);


INSERT INTO ada_asoc_nacional(nombre_asoc,region,descripcion) VALUES
(
    'IFRA UK',
    'Eu',
    'Asociacion Nacional'
);


INSERT INTO ada_asoc_nacional(nombre_asoc,region,descripcion) VALUES
(
    'AFFI',
    'Ap',
    'Asociacion Nacional'
);


INSERT INTO ada_asoc_nacional(nombre_asoc,region,descripcion) VALUES
(
    'AEFFA',
    'Eu',
    'Asociacion Nacional'
);



--Insertar proveedores
INSERT INTO ada_proveedor (nombre_prov,id_pais,telefono,direccion_fiscal,calle,cod_postal,avenida,email) VALUES
(
    'Firmenich',
    208,
    412278,
    'Rue de la Bergère 7',
    'SWS st',
    1720,
    'P.O. Box 148',
    'Ferminich@gmail.co.com'
);


INSERT INTO ada_proveedor (nombre_prov,id_pais,telefono,direccion_fiscal,calle,cod_postal,avenida,email) VALUES
(
    'Priviorganics',
    105,
    330435,
    'Ganesh st',
    'Ind st',
    1230,
    'Sunset AV.',
    'info@privi.co.in'
);

INSERT INTO ada_proveedor (nombre_prov,id_pais,telefono,direccion_fiscal,calle,cod_postal,avenida,email) VALUES
(
    'Eternis Fine Chemicals',
    203,
    7205632,
    'loc St',
    'St',
    3320,
    'test AV.',
    'test@co.in.com'
);

INSERT INTO ada_proveedor (nombre_prov,id_pais,id_asoc,telefono,direccion_fiscal,calle,cod_postal,avenida,email) VALUES
(
    'Alpha Aromatics',
    75,
    2,
    3714605,
    'NY big apple St',
    'James St',
    4455,
    'alpha AV.',
    'alphaArom@gmail.com'
);

INSERT INTO ada_proveedor (nombre_prov,id_pais,id_asoc,telefono,direccion_fiscal,calle,cod_postal,avenida,email) VALUES
(
    'PT Sensient Technologies Indonesia',
    106,
    4,
    971326,
    'Asia Route st',
    'Box 195 .Co',
    8895,
    'New sun Av.',
    'PTStechnolofies@gmail.com'
);


--Inserciones productores
INSERT INTO ada_productor (nombre_prod,telefono,direccion_fiscal,calle,cod_postal,avenida,email) VALUES
(
    'Givuduan',
    4145783,
    'Rue de la Bergère 5',
    'SWS st',
    1720,
    'P.O. Box 150',
    'Givuduan@gmail.co.com'
);

INSERT INTO ada_productor (nombre_prod,id_asoc,telefono,direccion_fiscal,calle,cod_postal,avenida,email) VALUES
(
    'Floramatic',
    1,
    215326,
    'Calle Santiago Marinio',
    'Calle Pinochet',
    4630,
    'Avenida pacifica 47',
    'EmpresasFloramatic@corp.co'
);

INSERT INTO ada_productor (nombre_prod,id_asoc,telefono,direccion_fiscal,calle,cod_postal,avenida,email) VALUES
(
    'Aura Fragance',
    3,
    215326,
    'St martin',
    'england st',
    7890,
    'White Chapel Av.',
    'AuraFragance@gmail.in.co'
);

INSERT INTO ada_productor (nombre_prod,id_asoc,telefono,direccion_fiscal,calle,cod_postal,avenida,email) VALUES
(
    'Eurofragance',
    5,
    3237853,
    'Calle San Carlos',
    'La rotunda de Cadiz',
    5530,
    'Av Alicante',
    'EurofraganceEsp@gmail.in.co'
);


--membresias proveedores
INSERT INTO ada_membresia(fecha_inicio, id_prov,tipo) VALUES
('2000-07-16',1,'PRI'
);
INSERT INTO ada_membresia(fecha_inicio, id_prov,tipo) VALUES
('2019-09-24',2,'PRI'
);

INSERT INTO ada_membresia(fecha_inicio, id_prov,tipo) VALUES
('2006-03-24',3,'SEC'
);

INSERT INTO ada_membresia(fecha_inicio, id_prov,tipo) VALUES
(
    '2013-01-22',4,'ASC'
);

INSERT INTO ada_membresia(fecha_inicio, id_prov,tipo,fecha_fin) VALUES
(
    '2013-01-22',5,'ASC','2015-01-01'
);

--membresias para productores
INSERT INTO ada_membresia(fecha_inicio, id_prod,tipo) VALUES
(
    '2019-10-18',1,'PRI'
);

INSERT INTO ada_membresia(fecha_inicio, id_prod,tipo) VALUES
(
    '2020-01-29',2,'ASC'
);

INSERT INTO ada_membresia(fecha_inicio, id_prod,tipo) VALUES
(
    '2020-06-11',3,'ASC'
);

INSERT INTO ada_membresia(fecha_inicio, id_prod,tipo) VALUES
(
    '2019-08-25',4,'ASC'
);





--LISTAR PAISES A LOS CUALES QUIERE RECIBIR EL PRODUCTOR
INSERT INTO ada_prod_pais (id_prod,id_pais) VALUES
--GIVAUDAN
(1,208),(1,33),(1,52),(1,229),(1,13),(1,173),(1,146),(1,235),(1,82),(1,73),(1,4),(1,24),(1,176),(1,203),
(1,105),(1,47),(1,114),
--FLORAMATIC
(2,46),
--AuraFragance
(3,73),
--Eurofragance
(4,180),(4,52),(4,146),(4,203),(4,59),(4,69),(4,105),(4,225),(4,73),(4,200),(4,212),(4,79);



--PRODUCTOS DE PROVEEDORES
--INICIO DE FIRMENICH
--Lorysia
INSERT INTO ada_otros_ing (cas_oi,nombre_comercial,nombre_quimico,id_prov,tipo,
desc_olfativ,desc_uso,fema_number,retcs_number,einecs_number) VALUES
(10411924,'Lorysia','Cyclohexanol',1,
'componente','Olor sofisticado y complejo con un personaje floral, arbolado-lirio',
'Versatil, se usa en mucha variedad de fragancias',null,null,null);

--Rose Eo
INSERT INTO ada_esencia (cas,nombre_comercial,nombre_quimico,id_prov,estado_fisico,solubilidad,flashpoint,duracion,apariencia,
fema_number,retcs_number,einecs_number,proc_extraccion) VALUES
(0008007010,'Rose Eo','Rosa damascena',1,'l',null,null,744,
'Arbusto deciduo, espinoso y vigoroso',2989,null,2689783,'f');
INSERT INTO ada_familia_esencia (id_familia,cas) VALUES (3,0008007010);
INSERT INTO ada_origen (id_pais,cas) VALUES (35,0008007010),(225,0008007010);

--Vetiver Sfe
INSERT INTO ada_esencia (cas,nombre_comercial,nombre_quimico,id_prov,estado_fisico,solubilidad,flashpoint,duracion,apariencia,
fema_number,retcs_number,einecs_number,proc_extraccion) VALUES
(0008016964,'Vetiver Sfe','Vetiveria zizanoïdes',1,'l','Alcohol',200,8664,
'Líquido viscoso transparente marrón amarillo',null,null,null,null);
INSERT INTO ada_familia_esencia (id_familia,cas) VALUES (8,0008016964);
INSERT INTO ada_origen (id_pais,cas) VALUES (100,0008016964);


--INICIO DE PRIVI ORGANICS

--Amber Gamma
INSERT INTO ada_otros_ing (cas_oi,nombre_comercial,nombre_quimico,id_prov,tipo,
desc_olfativ,desc_uso,fema_number,retcs_number,einecs_number) VALUES
(54464572,'Amber Gamma','1-(1,2,3,4,5,6,7,8-octahydro-2,3,8,8-tetramethyl-2-naphthalenyl)-ethan-1',2,
'componente','Líquido olor amaderado y ambarino',
'Creación de fragancias con notas amaderadas',null,null,2591743);

--Nimberol
INSERT INTO ada_otros_ing (cas_oi,nombre_comercial,nombre_quimico,id_prov,tipo,
desc_olfativ,desc_uso,fema_number,retcs_number,einecs_number) VALUES
(70788306,'Nimberol','1-(2,2,6-Trimethyl cyclohexyl)-Hexan-3-ol',2,
'componente','Carácter altamente difusivo, polvoriento, amaderado, ambarino.',
'Cuidado personal y creación de fragancias',null,null,2748927);

--Acetato de Genarilo
INSERT INTO ada_otros_ing (cas_oi,nombre_comercial,nombre_quimico,id_prov,tipo,
desc_olfativ,desc_uso,fema_number,retcs_number,einecs_number) VALUES
(105873,'Acetato de Genarilo','3,7- Dimethyl-2,6- Octadien-1-yl-acetate',2,
'componente','Dulce, afrutado, floral, rosado, verde y verde con notas de lavanda.',
'Cuidado personal y creación de fragancias',2509,null,2033415);


-- INICIO DE PT SENSIENT TECHNOLOGIES

-- Extracto de vainilla
INSERT INTO ada_esencia(cas,nombre_comercial,nombre_quimico,id_prov,estado_fisico,solubilidad,flashpoint,duracion,
apariencia,fema_number,retcs_number,einecs_number,proc_extraccion) VALUES
(94167143,'Extracto de vainilla','4-Hidroxi-3-metoxibenzaldehido',5,'l','Parafina',100,730,
'Amarillo pálido a ámbar amarillo parduzco líquido aceitoso claro',3105, null,3034137,null);
INSERT INTO ada_familia_esencia(id_familia,cas) VALUES(9,94167143),(3,94167143),(4,94167143);
INSERT INTO ada_origen (id_pais,cas) VALUES (132,94167143),(146,94167143),(47,94167143);

--EXTRACTO DE CARDAMOMO
INSERT INTO ada_esencia(cas,nombre_comercial,nombre_quimico,id_prov,estado_fisico,solubilidad,flashpoint,duracion,
apariencia,fema_number,retcs_number,einecs_number,proc_extraccion) VALUES
(8000666,'Extracto de Cardamomo','elettaria cardamomum l. absoluto',5,'l','Alcohol',79,730,'Líquido transparente incoloro a amarillo pálido',
2241,null,2889221,'m');
INSERT INTO ada_familia_esencia(id_familia,cas) VALUES(9,8000666);
INSERT INTO ada_origen (id_pais,cas) VALUES (94,8000666),(105,8000666),(47,8000666),(156,8000666);

-- EXTRACTO DE LIMON
INSERT INTO ada_esencia(cas,nombre_comercial,nombre_quimico,id_prov,estado_fisico,solubilidad,flashpoint,duracion,
apariencia,fema_number,retcs_number,einecs_number,proc_extraccion) VALUES
(84929317,'Extracto de Limón Cítrico','Limoneno',5,'l','Agua',177,183,'Líquido incoloro a amarillo pálido',2623,6360000,6883197,'d');
INSERT INTO ada_familia_esencia(id_familia,cas) VALUES(2,84929317);
INSERT INTO ada_origen (id_pais,cas) VALUES (47,84929317);


--Alpha Aromatics

-- Grapefruit & Sea Salt
INSERT INTO ada_esencia(cas,nombre_comercial,nombre_quimico,id_prov,estado_fisico,solubilidad,flashpoint,duracion,
apariencia,fema_number,retcs_number,einecs_number,proc_extraccion) VALUES
(67674468,'Extracto de pomelo','6,6-dimethoxy-2,5,5-trimethylhex-2-ene',4,'l','Alcohol',83,365,
'Líquido transparente incoloro a amarillo pálido',2530,null,2899046,'d');
INSERT INTO ada_familia_esencia(id_familia,cas) VALUES(2,67674468);
INSERT INTO ada_origen (id_pais,cas) VALUES (75,67674468),(33,67674468),(111,67674468);

-- Orchid Blossom
INSERT INTO ada_esencia(cas,nombre_comercial,nombre_quimico,id_prov,estado_fisico,solubilidad,flashpoint,duracion,
apariencia,fema_number,retcs_number,einecs_number,proc_extraccion) VALUES
(90082249,'Extracto de Flor de la Máscula de Orquis','Orchidaceae',4,'l','Alcohol',NUll,730,
'Líquido transparente incoloro',5681,7732185,2901128,'d');
INSERT INTO ada_familia_esencia(id_familia,cas) VALUES(2,90082249);
INSERT INTO ada_origen (id_pais,cas) VALUES (82,90082249);

--Cranberry Fizz
INSERT INTO ada_esencia(cas,nombre_comercial,nombre_quimico,id_prov,estado_fisico,solubilidad,flashpoint,duracion,
apariencia,fema_number,retcs_number,einecs_number,proc_extraccion) VALUES
(91770886,'Cranberry Fragrance Oil','Vaccinium Oxycoccus',4,'l','Alcohol y agua',93,730,'Líquido transparente incoloro a marron',
56815,null,2948758,'d');
INSERT INTO ada_familia_esencia(id_familia,cas) VALUES(4,91770886);
INSERT INTO ada_origen (id_pais,cas) VALUES (75,91770886),(42,91770886);


--INICIO DE ETERNIS FINE CHEMICALS

--Cumarina
INSERT INTO ada_otros_ing (cas_oi,nombre_comercial,nombre_quimico,id_prov,tipo,
desc_olfativ,desc_uso,fema_number,retcs_number,einecs_number) VALUES
(91645,'Cumarina','1,2-Benzopyrone',3,
'componente','Heno dulce, tonka nuevo heno cortado.',
'Crear aceites esenciales artificiales de Haba Tonka',null,null,2020867);

--Hexil Cinamaldehído
INSERT INTO ada_otros_ing (cas_oi,nombre_comercial,nombre_quimico,id_prov,tipo,
desc_olfativ,desc_uso,fema_number,retcs_number,einecs_number) VALUES
(165184985,'Hexil Cinamaldehído','2-Hexyl-3-Phenyl-2-Propenal',3,
'componente','Floral, afrutado, similar al jazmín, suave, fresco.',
'Fragancias principales en el cuidado de telas,perfumes y jabones',2569,null,6395664);

--Salicilato de Bencilo
INSERT INTO ada_otros_ing (cas_oi,nombre_comercial,nombre_quimico,id_prov,tipo,
desc_olfativ,desc_uso,fema_number,retcs_number,einecs_number) VALUES
(118581,'Salicilato de Bencilo','Benzyl 2-Hydroxybenzoate',3,
'componente','Débil, dulce, floral, ligeramente balsámico.',
'Fragancias principales en el cuidado de telas,perfumes y jabones',2151,null,2042629);




--PRESENTACIONES DE TIPO OTRO_INGREDIENTE (MOLECULAS)

--Lorysia
INSERT INTO ada_presentacion_e
(nombre_etiqueta,precio,cantidad_perpack,unidad_medida,contenido_neto,tipo_empaque,cas,cas_oi)
VALUES
('Lorysia',18000.99, 1,'kg',100,'IBC',null,10411924),
('Lorysia',5900.50, 1,'kg',15,'IBC',null,10411924),
('Lorysia',3000,1,'kg',5,'IBC',null,10411924);


--Amber Gamma

INSERT INTO ada_presentacion_e
(nombre_etiqueta,precio,cantidad_perpack,unidad_medida,contenido_neto,tipo_empaque,cas,cas_oi)
VALUES
('Amber Gamma',46999.99, 1,'kg',200,'IBC',null,54464572),
('Amber Gamma',20000.50, 1,'kg',25,'IBC',null,54464572),
('Amber Gamma',5999.99,1,'kg',5,'IBC',null,54464572);

--Nimberol
INSERT INTO ada_presentacion_e
(nombre_etiqueta,precio,cantidad_perpack,unidad_medida,contenido_neto,tipo_empaque,cas,cas_oi)
VALUES
('Nimberol',26999.99, 1,'kg',180,'IBC',null,70788306),
('Nimberol',7000, 1,'kg',25,'IBC',null,70788306),
('Nimberol',1350.99,1,'kg',5,'IBC',null,70788306);

--ACETATO DE GENARILO
INSERT INTO ada_presentacion_e
(nombre_etiqueta,precio,cantidad_perpack,unidad_medida,contenido_neto,tipo_empaque,cas,cas_oi)
VALUES
('Acetato de Genarilo',26999.99, 1,'kg',180,'IBC',null,105873),
('Acetato de Genarilo',7000, 1,'kg',25,'IBC',null,105873),
('Acetato de Genarilo',1350.99,1,'kg',5,'IBC',null,105873);


--Cumarina
INSERT INTO ada_presentacion_e
(nombre_etiqueta,precio,cantidad_perpack,unidad_medida,contenido_neto,tipo_empaque,cas,cas_oi)
VALUES
('Cumarina',7600.99, 1,'kg',50,'IBC',null,91645),
('Cumarina',3400.99, 1,'kg',25,'IBC',null,91645);


-- Salicilato de Bencilo
INSERT INTO ada_presentacion_e
(nombre_etiqueta,precio,cantidad_perpack,unidad_medida,contenido_neto,tipo_empaque,cas,cas_oi)
VALUES
('Salicilato de Bencilo',7600.99, 1,'kg',50,'IBC',null,118581),
('Salicilato de Bencilo',3400.99, 1,'kg',25,'IBC',null,118581);

--Hexil Cinamaldehído

INSERT INTO ada_presentacion_e
(nombre_etiqueta,precio,cantidad_perpack,unidad_medida,contenido_neto,tipo_empaque,cas,cas_oi)
VALUES
('Hexil Cinamaldehído',7600.99, 1,'kg',50,'IBC',null,165184985),
('Hexil Cinamaldehído',3400.99, 1,'kg',25,'IBC',null,165184985);




--PRESENTACIONES DE TIPO ESENCIA

--FIRMENICH
--Rose Eo
INSERT INTO ada_presentacion_e(nombre_etiqueta,precio,cantidad_perpack,unidad_medida,contenido_neto,
tipo_empaque,cas,cas_oi) VALUES
('Rose Eo',388.46,20,'ml',250,'IBC',8007010,NULL),
('Rose Eo',720,20,'ml',500,'IBC',8007010,NULL),
('Rose Eo',10067.66,20,'l',4,'IBC',8007010,NULL),
('Rose Eo',46089.78,1,'l',200,'IBC',8007010,NULL);



--PT Sensient Technologies Indonesia
--Extracto de Vainilla
INSERT INTO ada_presentacion_e(nombre_etiqueta,precio,cantidad_perpack,unidad_medida,contenido_neto,
tipo_empaque,cas,cas_oi) VALUES
('Extracto de vainilla',700.46,20,'ml',250,'IBC',94167143,NULL),
('Extracto de vainilla',1230.00,20,'ml',500,'IBC',94167143,NULL),
('Extracto de vainilla',10067.66,20,'l',4,'IBC',94167143,NULL),
('Extracto de vainilla',46089.78,1,'l',200,'IBC',94167143,NULL);

--Extracto de Cardomomo
INSERT INTO ada_presentacion_e(nombre_etiqueta,precio,cantidad_perpack,unidad_medida,contenido_neto,
tipo_empaque,cas,cas_oi) VALUES
('Extracto de Cardamomo',878.99,30,'ml',200,'IBC',8000666,NULL),
('Extracto de Cardamomo',416.30,42,'ml',60,'IBC',8000666,NULL);

--Extracto de Limón
INSERT INTO ada_presentacion_e(nombre_etiqueta,precio,cantidad_perpack,unidad_medida,contenido_neto,
tipo_empaque,cas,cas_oi) VALUES
('Extracto de limón',642.60,42,'ml',250,'IBC',84929317,NULL),
('Extracto de limón',2197.38,42,'l',1,'IBC',84929317,NULL),
('Extracto de limón',4197.38,42,'l',2,'IBC',84929317,NULL);



-- ALPHA AROMATIC
--Extracto de Pomelo
INSERT INTO ada_presentacion_e(nombre_etiqueta,precio,cantidad_perpack,unidad_medida,contenido_neto,
tipo_empaque,cas,cas_oi) VALUES
('Extracto de pomelo',8685.33,50,'ml',500,'IBC',67674468,NULL),
('Extracto de pomelo',25540.88,100,'l',2,'IBC',67674468,NULL),
('Extracto de pomelo',48540.26,350,'l',4,'IBC',67674468,NULL);

--Extracto de flor de la mascula de orquis
INSERT INTO ada_presentacion_e(nombre_etiqueta,precio,cantidad_perpack,unidad_medida,contenido_neto,
tipo_empaque,cas,cas_oi) VALUES
('Extracto de flor de la mascula de orquis',60340.26,350,'l',6,'IBC',90082249,NULL),
('Extracto de flor de la mascula de orquis',80340.26,450,'l',8,'IBC',90082249,NULL);

--Cranberry Fragance Oil
INSERT INTO ada_presentacion_e(nombre_etiqueta,precio,cantidad_perpack,unidad_medida,contenido_neto,
tipo_empaque,cas,cas_oi) VALUES
('Cranberry Fragrance Oil',3434.26,24,'l',4,'IBC',91770886,NULL),
('Cranberry Fragrance Oil',5634.26,48,'l',6,'IBC',91770886,NULL);







--PERFUMISTAS

--GIVAUDAN

INSERT INTO ada_perfumista (primer_nombre,segundo_nombre,primer_apellido,segundo_apellido,id_pais)
VALUES ('Daniela',null,'Andrier',null,4);


INSERT INTO ada_perfumista (primer_nombre,segundo_nombre,primer_apellido,segundo_apellido,id_pais)
VALUES ('Alberto',null,'Morillas',null,73);

--FLORAMATIC
INSERT INTO ada_perfumista (primer_nombre,segundo_nombre,primer_apellido,segundo_apellido,id_pais)
VALUES ('Mauricio',null,'Hoyos',null,46);


INSERT INTO ada_perfumista (primer_nombre,segundo_nombre,primer_apellido,segundo_apellido,id_pais)
VALUES ('Lorena',null,'Del Pino',null,46);


--Alpha Aromatics
INSERT INTO ada_perfumista (primer_nombre,segundo_nombre,primer_apellido,segundo_apellido,id_pais)
VALUES ('Francis',null,'Kurkdjian',null,82);


INSERT INTO ada_perfumista (primer_nombre,segundo_nombre,primer_apellido,segundo_apellido,id_pais)
VALUES ('Daphné',null,'Bugey',null,82);


INSERT INTO ada_perfumista (primer_nombre,segundo_nombre,primer_apellido,segundo_apellido,id_pais)
VALUES ('Amandine',null,'Clerc-Marie',null,82);


INSERT INTO ada_perfumista (primer_nombre,segundo_nombre,primer_apellido,segundo_apellido,id_pais)
VALUES ('Christophe',null,'Raynaud',null,82);


INSERT INTO ada_perfumista (primer_nombre,segundo_nombre,primer_apellido,segundo_apellido,id_pais)
VALUES ('Marie',null,'Salamagne',null,82);



INSERT INTO ada_perfumista (primer_nombre,segundo_nombre,primer_apellido,segundo_apellido,id_pais)
VALUES ('Dominique',null,'Ropion',null,82);


INSERT INTO ada_perfumista (primer_nombre,segundo_nombre,primer_apellido,segundo_apellido,id_pais)
VALUES ('Carlos',null,'Benaïm',null,235);


INSERT INTO ada_perfumista (primer_nombre,segundo_nombre,primer_apellido,segundo_apellido,id_pais)
VALUES ('Loc',null,'Dong',null,233);




--EURO FRAGANCE

INSERT INTO ada_perfumista (primer_nombre,segundo_nombre,primer_apellido,segundo_apellido,id_pais)
VALUES ('Yann',null,'Vasnier',null,82);

INSERT INTO ada_perfumista (primer_nombre,segundo_nombre,primer_apellido,segundo_apellido,id_pais)
VALUES ('Calice',null,'Becker',null,82);


INSERT INTO ada_perfumista (primer_nombre,segundo_nombre,primer_apellido,segundo_apellido,id_pais)
VALUES ('Shyamala',null,'Maisondieu',null,82);



INSERT INTO ada_perfumista (primer_nombre,segundo_nombre,primer_apellido,segundo_apellido,id_pais)
VALUES ('Antoine',null,'Maisondieu',null,82);



--ALTERNATIVAS DE ENVIO
--FIRMENICH
INSERT INTO ada_alternativa_envio (id_prov,id_pais,porc_base,tipo_envio) VALUES
(1,47,25,'m'),(1,47,10,'a'),(1,81,25,'m'),(1,108,35,'a'),(1,73,20,'m'),
(1,82,25,'m'),(1,82,10,'a'),(1,82,25,'t'),(1,76,15,'t'),(1,76,20,'m'),
(1,117,10,'m'),(1,117,15,'a'),(1,208,0,'t'),(1,208,5,'a'),(1,208,5,'m'),
(1,105,30,'m'),(1,105,40,'a'),(1,106,30,'m'),(1,106,37,'a'),(1,200,32,'m'),
(1,200,40,'a'),(1,13,28,'a'),(1,13,20,'m'),(1,46,25,'m'),(1,46,30,'a');

--PRIVI
INSERT INTO ada_alternativa_envio (id_prov,id_pais,porc_base,tipo_envio) VALUES
(2,46,25,'m'),(2,47,30,'a'),(2,82,10,'m'),(2,106,15,'t'),(2,73,25,'m'),
(2,82,25,'a'),(2,80,30,'a'),(2,82,45,'t'),(2,79,35,'a'),(2,76,25,'m'),
(2,117,14,'m'),(2,117,17,'a'),(2,208,0,'t'),(2,208,5,'a'),(2,208,5,'m'),
(2,105,0,'m'),(2,105,5,'a'),(2,106,3,'m'),(2,106,10,'a'),(2,200,12,'m'),
(2,200,10,'a'),(2,13,28,'a'),(2,13,12,'m'),(2,40,15,'m'),(2,46,30,'a');


--Eternis
INSERT INTO ada_alternativa_envio (id_prov,id_pais,porc_base,tipo_envio) VALUES
(3,46,15,'m'),(3,47,30,'a'),(3,81,15,'m'),(3,111,5,'a'),(3,111,2,'m'),
(3,82,5,'m'),(3,82,10,'a'),(3,82,15,'t'),(3,79,35,'a'),(3,76,25,'m'),
(3,114,5,'m'),(3,114,10,'a'),(3,208,30,'a'),(3,208,15,'m'),(3,201,3,'m'),
(3,200,7,'a'),(3,105,5,'a'),(3,105,2,'m'),(3,106,2,'m'),(3,106,8,'a'),(3,200,12,'m'),
(3,75,14,'a'),(3,75,7,'m'),(3,13,28,'a'),(3,13,12,'m'),(3,39,15,'m'),(3,46,30,'a');


--PT SENSIENT
INSERT INTO ada_alternativa_envio (id_prov,id_pais,porc_base,tipo_envio) VALUES
(5,46,25,'m'),(5,47,10,'a'),(5,82,25,'m'),(5,106,5,'t'),(5,73,20,'m');

--ALPHA Aromatics
INSERT INTO ada_alternativa_envio (id_prov,id_pais,porc_base,tipo_envio) VALUES
(4,180,25,'m'),(4,231,15,'a'),(4,16,20,'m'),(4,75,5,'t'),(4,73,20,'m');



--ALTERNATIVAS DE PAGO
INSERT INTO ada_alternativa_pago(id_prov,metodo_pago) VALUES
(1,'p'),(1,'c'),(2,'p'),(2,'c'),(3,'p'),(4,'p'),(4,'c'),(5,'p');





--PRODUCTOS DE productores
--INICIO DE GIVAUDAN
--Prada Lhome
INSERT INTO ada_perfume (id_perfume,nombre,genero,preferencia_uso,fecha_creacion,edad,id_prod)
VALUES (10,'Prada Lhomme','m','t',2016,'adulto',1);

--Prada Luna Rossa
INSERT INTO ada_perfume (id_perfume,nombre,genero,preferencia_uso,fecha_creacion,edad,id_prod)
VALUES (11,'Prada Luna Rossa','m','d',2012,'adulto',1);

--Bvlgari Man in Black
INSERT INTO ada_perfume (id_perfume,nombre,genero,preferencia_uso,fecha_creacion,edad,id_prod)
VALUES (12,'Bvlgari Man in Black','m','s',2014,'adulto',1);

--

--ada_creador_perfume

INSERT INTO ada_creador_perfume (id_perfumista,id_perfume)
VALUES
(1,10),(1,11),(2,12);



--ada_esencia_perfume
--PRADA LHOME
INSERT INTO ada_esencia_perfume (cas_ep,nombre,tipo)
VALUES
(90045899,'Iris','natural'),
(8016384,'Neroli','natural'),
(8002673,'Ambar','natural'),
(8024086,'Violeta','natural'),
(80002729,'Cedro ','natural'),
(8015881,'Semillas de Zanahoria','natural'),
(68916961,'Yerba Mate','natural'),
(8000462,'Geranio','natural'),
(8014093,'Pachuli','natural'),
(8006879,'Sándalo','natural'),
(8000666,'Cardomomo','natural'),
(84929419,'Pimienta Negra','natural');

--Familia Olfativas
INSERT INTO ada_perfume_familia (id_perfume,id_familia)
VALUES (10,7),(10,8);

--Notas
INSERT INTO ada_perfume_nota (id_perfume,cas_ep,tipo)
VALUES
(10,8016384,'s'),(10,8000666,'s'),(10,8015881,'s'),(10,84929419,'s'),
(10,8000462,'c'),(10,90045899,'c'),(10,68916961,'c'),(10,8024086,'c'),
(10,8006879,'f'),(10,8002673,'f'),(10,80002729,'f'),(10,8014093,'f');

--Intensidades disponibles
INSERT INTO ada_intensidad (id_perfume,tipo,porc_concentracion,descripcion)
VALUES
(10,'edt',8,'Se trata de un aroma creado a base de contraposiciones, y que representa la dualidad de la identidad masculina. En ella se revela una nueva visión de la masculinidad bajo la visión de Prada.'),
(10,'edp',15,null);

--Presentaciones
INSERT INTO ada_presentacion_p (id_int,id_perfume,capacidad_ml)
VALUES
(1,10,50),(1,10,100),(1,10,150),
(2,10,50),(2,10,100),(2,10,150);

--Ingredientes
INSERT INTO ada_ingrediente_p (cas_ip,nombre,tipo)
VALUES
(90017,'ALCOHOL','componente'),(7732185,'AQUA (WATER)','componente'),
(5989275,'LIMONENE','componente'),(5466773,'ETHYLHEXYL METHOXYCINNAMATE','componente'),
(38078090,'DIETHYLAMINO','componente'),(302776687,'HYDROXYBENZOYL HEXYLBENZOATE','componente'),
(5392405,'CITRAL','componente'),(104552,'CINAMMAL','componente'),(78706,'LINLOOL','componente'),
(128370​,'BHT','componente'),(1,'Parfum (FRAGANCE)','otro');

--Ingredientres presentes en el perfume
INSERT INTO ada_perf_ing (id_perfume,cas_ip)
VALUES
(10,90017),(10,7732185),(10,5989275),(10,5466773),(10,38078090),
(10,302776687),(10,104552),(10,78706),(10,128370​),(10,1);

--Fin de Prada Lhome



--PRADA LUNA ROSA


--PRADA LUNA ROSA

--ada_esencia_perfume
--PRADA LHOME
INSERT INTO ada_esencia_perfume (cas_ep,nombre,tipo)
VALUES
(72968504,'Naranja Amarga','natural'),
(8006904,'Menta','natural'),
(8000280,'Lavanda','natural'),
(6790585,'Ambroxan','natural'),
(8016635,'Esclarea ','natural'),
(8015621,'Almizcle Ambreta','natural');
--Familia Olfativas
INSERT INTO ada_perfume_familia (id_perfume,id_familia)
VALUES
(11,2),(11,5);



--Notas
INSERT INTO ada_perfume_nota (id_perfume,cas_ep,tipo)
VALUES
(11,72968504,'s'),(11,8000280,'s'),
(11,8006904,'c'),(11,8016635,'c'),
(11,8015621,'f'),(11,6790585,'f');


--Intensidades disponibles
INSERT INTO ada_intensidad (id_perfume,tipo,porc_concentracion,descripcion)
VALUES

(11,'edp',12,'El nuevo perfume masculino Prada está construido sobre la búsqueda de la excelencia.');

--Presentaciones
INSERT INTO ada_presentacion_p (id_int,id_perfume,capacidad_ml)
VALUES
(3,11,100),(3,11,150),(3,11,50);

--Ingredientes
INSERT INTO ada_ingrediente_p (cas_ip,nombre,tipo)
VALUES
(7540514,'CITRONELLOL','componente'),(91645,'COUMARIN','componente'),
(80546,'BUTYLPHENYL METHYLPROPIONAL','componente'),(127515,'ALPHA-ISOMETHYL IONONE','componente'),
(118605,'ETHYLHEXYL SALICYLATE','componente'),(106241,'GERANIOL','componente');


--Ingredientres presentes en el perfume
INSERT INTO ada_perf_ing (id_perfume,cas_ip)
VALUES
(11,7540514),(11,91645),(11,80546),(11,127515),(11,118605),(11,106241),
(11,1),(11,90017),(11,7732185),(11,5989275),(11,5392405),(11,128370),
(11,78706);

--Fin de PRADA LUNA ROSA

--Inicio de Bvlgari Man In Black

INSERT INTO ada_esencia_perfume (cas_ep,nombre,tipo)
VALUES
(8013103,'Extracto de Cuero','natural'),
(90604301,'Extracto de Ron','natural'),
(68915855,'Especias','natural'),
(9000720,'Benjuí','natural'),
(8016237,'Madera de Gaiac ','natural'),
(8037192,'Tabaco','natural'),
(8046228,'Haba Tonka','natural'),
(8024053,'Nardos','natural');
--Familia Olfativas
INSERT INTO ada_perfume_familia (id_perfume,id_familia)
VALUES
(12,9),(12,3);
--Notas
INSERT INTO ada_perfume_nota (id_perfume,cas_ep,tipo)
VALUES
(12,90604301,'s'),(12,68915855,'s'),(12,8037192,'s'),
(12,90045899,'c'),(12,8013103,'c'),(12,8024053,'s'),
(12,8046228,'f'),(12,9000720,'f'),(12,8016237,'s');


--Intensidades disponibles
INSERT INTO ada_intensidad (id_perfume,tipo,porc_concentracion,descripcion)
VALUES

(12,'edp',15,'Man in Black de Bvlgari es un perfume intenso, masculino; compuesto por ámbar, cuero y especias. Una fragancia que no deja indiferente a nadie.');

--Presentaciones
INSERT INTO ada_presentacion_p (id_int,id_perfume,capacidad_ml)
VALUES
(4,12,100),(4,12,60),(4,12,30),(4,12,150);

--Ingredientes
INSERT INTO ada_ingrediente_p (cas_ip,nombre,tipo)
VALUES
(97530,'Eugenol','componente'),(120514,'Benzyl Benzoate','componente'),
(100516,'Benzyl Alcohol','componente'),(4602840,'Farnesol','componente');


--Ingredientres presentes en el perfume
INSERT INTO ada_perf_ing (id_perfume,cas_ip)
VALUES
(12,1),(12,90017),(12,7732185),(12,78706),(12,5466773),(12,5989275),
(12,91645),(12,80546),(12,118605),(12,97530),(12,7540514),(12,104552),
(12,120514),(12,5392405),(12,106241),(12,100516),(12,4602840),(12,128370);


--FIN Bvlgari MAN IN BLACK

--Filtro Proveedores Potenciales


--Palabras CLAVE familias olfastivas
INSERT INTO ada_palabra_clave (palabra_unica)
VALUES ('Romanticismo'),('Naturalidad'),('Calidez'),('Sensualidad'),
('Versátil'),('Frescura'),('Pureza'),('Delicadez'),('Feminidad'),('Masculinidad'),
('Unisex'),('Intensidad'),('Dulzura'),('Elegancia'),('Unisex'),(''),(''),(''),('Unisex'),(''),(''),(''),('Unisex'),(''),(''),(''),





INSERT INTO ada_familia_palabra (id_pc,id_familia)
VALUES (,),(,),(,),(,),(,),(,),(,),(,),(,),(,),;
